feature,mean_importance
Orientation,-1.3853316779142283e-05
Overall_Height,3.469446951953614e-18
Surface_Area,0.0021784544698790604
Wall_Area,0.002436284042689362
Glazing_Area_Distribution,0.0027166548478074507
Relative_Compactness,0.00416560056082247
Glazing_Area,0.013466291327820323
Roof_Area,0.015190611287909933
Cooling_Load,1.5416824087778767
