{
    "uid": "9191d3af-c53d-4f9e-9d2c-752b4b6db1a9",
    "name": "3_Linear",
    "preprocessing": [
        {
            "scale": [
                {
                    "scale": [
                        0.1062894579964205,
                        88.81835647962559,
                        42.61902756301071,
                        44.94879285903741,
                        1.7491452990943177,
                        1.120972676093329,
                        1.5568561263854437,
                        9.471622641092017
                    ],
                    "mean": [
                        0.7621527777777778,
                        673.7074652777778,
                        317.4791666666667,
                        178.11414930555554,
                        5.1953125,
                        3.5190972222222223,
                        2.7760416666666665,
                        24.265555555555554
                    ],
                    "var": [
                        0.011297448881172838,
                        7888.700447741849,
                        1816.381510416667,
                        2020.3939794846528,
                        3.05950927734375,
                        1.2565797405478396,
                        2.423800998263889,
                        89.7116354552469
                    ],
                    "n_samples_seen": 576,
                    "n_features_in": 8,
                    "columns": [
                        "Relative_Compactness",
                        "Surface_Area",
                        "Wall_Area",
                        "Roof_Area",
                        "Overall_Height",
                        "Orientation",
                        "Glazing_Area_Distribution",
                        "Cooling_Load"
                    ],
                    "scale_method": "scale_normal"
                }
            ],
            "scale_y": {
                "scale": [
                    0.692594110510068
                ],
                "mean": [
                    2.6240694521905166
                ],
                "var": [
                    0.4796866019132323
                ],
                "n_samples_seen": 576,
                "n_features_in": 1,
                "columns": [
                    "target"
                ],
                "scale_method": "scale_log_and_normal",
                "X_min_values": [
                    6.01
                ]
            },
            "ml_task": "regression",
            "params": {
                "columns_preprocessing": {
                    "Relative_Compactness": [
                        "scale_normal"
                    ],
                    "Surface_Area": [
                        "scale_normal"
                    ],
                    "Wall_Area": [
                        "scale_normal"
                    ],
                    "Roof_Area": [
                        "scale_normal"
                    ],
                    "Overall_Height": [
                        "scale_normal"
                    ],
                    "Orientation": [
                        "scale_normal"
                    ],
                    "Glazing_Area_Distribution": [
                        "scale_normal"
                    ],
                    "Cooling_Load": [
                        "scale_normal"
                    ]
                },
                "target_preprocessing": [
                    "na_exclude",
                    "scale_log_and_normal"
                ],
                "ml_task": "regression"
            }
        }
    ],
    "learners": [
        {
            "library_version": "1.1.3",
            "algorithm_name": "Linear Regression",
            "algorithm_short_name": "Linear",
            "uid": "a1e726fd-3847-4580-96e2-34b89a781600",
            "params": {
                "model_type": "Linear",
                "ml_task": "regression",
                "n_jobs": -1,
                "seed": 1235,
                "explain_level": 2
            },
            "name": "learner_fold_0"
        }
    ],
    "params": {
        "additional": {
            "max_steps": 1,
            "max_rows_limit": null,
            "max_cols_limit": null
        },
        "preprocessing": {
            "columns_preprocessing": {
                "Relative_Compactness": [
                    "scale_normal"
                ],
                "Surface_Area": [
                    "scale_normal"
                ],
                "Wall_Area": [
                    "scale_normal"
                ],
                "Roof_Area": [
                    "scale_normal"
                ],
                "Overall_Height": [
                    "scale_normal"
                ],
                "Orientation": [
                    "scale_normal"
                ],
                "Glazing_Area_Distribution": [
                    "scale_normal"
                ],
                "Cooling_Load": [
                    "scale_normal"
                ]
            },
            "target_preprocessing": [
                "na_exclude",
                "scale_log_and_normal"
            ],
            "ml_task": "regression"
        },
        "validation_strategy": {
            "validation_type": "split",
            "train_ratio": 0.75,
            "shuffle": true,
            "X_path": "AutoML_2\\X.data",
            "y_path": "AutoML_2\\y.data",
            "results_path": "AutoML_2"
        },
        "learner": {
            "model_type": "Linear",
            "ml_task": "regression",
            "n_jobs": -1,
            "seed": 1235,
            "explain_level": 2
        },
        "automl_random_state": 1234,
        "ml_task": "regression",
        "explain_level": 2,
        "name": "3_Linear",
        "status": "initialized",
        "final_loss": null,
        "train_time": null,
        "data_type": "original",
        "max_time_for_learner": 60
    },
    "saved": [
        "3_Linear\\learner_fold_0.linear"
    ],
    "predictions_fname": "3_Linear\\predictions_validation.csv",
    "metric_name": "rmse",
    "final_loss": 3.276092994014836,
    "train_time": 1.6315991878509521,
    "is_stacked": false
}